{
  "Author": "UnbirthdayHatter",
  "Name": "Social Morpho",
  "InternalName": "SocialMorpho",
  "AssemblyVersion": "1.1.0.0",
  "Description": "Track social quests and interactions in FFXIV with an immersive quest system.",
  "ApplicableVersion": "any",
  "RepoUrl": "https://github.com/UnbirthdayHatter/SocialMorpho",
  "DalamudApiLevel": 10,
  "LoadRequiredState": 0,
  "LoadSync": false,
  "CanUnloadAsync": false,
  "LoadPriority": 0,
  "Punchline": "Social interaction quest tracking for FFXIV.",
  "AcceptsFeedback": true
}